Hari,Jam,Mata Kuliah,Semester,SKS,Dosen,Ruang,Kelas,Kapasitas Kelas,start,finish,duration,jumlah_mahasiswa
Senin,09:20:00 - 10:10:00,Kalkulus I,1,3,SUPRIYADI WIBOWO,R001,A,25,09:20:00,10:10:00,50.0,16
Senin,10:15:00 - 11:05:00,Kalkulus I,1,3,SUPRIYADI WIBOWO,R001,A,25,10:15:00,11:05:00,50.0,13
Senin,11:10:00 - 12:00:00,Kalkulus I,1,3,SUPRIYADI WIBOWO,R001,A,25,11:10:00,12:00:00,50.0,22
Senin,13:00:00 - 13:50:00,Pengolahan Citra Digital,5,3,HERI PRASETYO,R001,B,25,13:00:00,13:50:00,50.0,24
Senin,13:55:00 - 14:45:00,Pengolahan Citra Digital,5,3,HERI PRASETYO,R001,B,25,13:55:00,14:45:00,50.0,20
Senin,15:30:00 - 16:20:00,Pengolahan Citra Digital,5,3,HERI PRASETYO,R001,B,25,15:30:00,16:20:00,50.0,17
Senin,16:25:00 - 17:15:00,Data Mining,5,3,WIRANTO,R001,E,25,16:25:00,17:15:00,50.0,22
Senin,18:10:00 - 19:00:00,Data Mining,5,3,WIRANTO,R001,E,25,18:10:00,19:00:00,50.0,14
Senin,22:15:00 - 23:05:00,Data Mining,5,3,WIRANTO,R001,E,25,22:15:00,23:05:00,50.0,16
Senin,13:00:00 - 13:50:00,Bahasa Indonesia,1,2,KUNDHARU SADDHONO,R002,C,40,13:00:00,13:50:00,50.0,34
Senin,13:55:00 - 14:45:00,Bahasa Indonesia,1,2,KUNDHARU SADDHONO,R002,C,40,13:55:00,14:45:00,50.0,38
Senin,15:30:00 - 16:20:00,Sistem Digital,1,3,AKHMAD SYAIFUDDIN,R002,C,40,15:30:00,16:20:00,50.0,26
Senin,10:15:00 - 11:05:00,Sistem Operasi,3,3,HERDITO IBNU DEWANGKORO,R002,D,40,10:15:00,11:05:00,50.0,26
Senin,07:30:00 - 08:20:00,Manajemen Jaringan,5,3,HERDITO IBNU DEWANGKORO,R002,A,40,07:30:00,08:20:00,50.0,39
Senin,08:25:00 - 09:15:00,Manajemen Jaringan,5,3,HERDITO IBNU DEWANGKORO,R002,A,40,08:25:00,09:15:00,50.0,36
Senin,09:20:00 - 10:10:00,Manajemen Jaringan,5,3,HERDITO IBNU DEWANGKORO,R002,A,40,09:20:00,10:10:00,50.0,19
Senin,07:30:00 - 08:20:00,Statistika & Probabilitas,1,3,ESTI SURYANI,R003,C,30,07:30:00,08:20:00,50.0,19
Senin,08:25:00 - 09:15:00,Statistika & Probabilitas,1,3,ESTI SURYANI,R003,C,30,08:25:00,09:15:00,50.0,14
Senin,09:20:00 - 10:10:00,Statistika & Probabilitas,1,3,ESTI SURYANI,R003,C,30,09:20:00,10:10:00,50.0,13
Senin,10:15:00 - 11:05:00,Metode Numerik,3,3,UMI SALAMAH,R003,B,30,10:15:00,11:05:00,50.0,23
Senin,11:10:00 - 12:00:00,Metode Numerik,3,3,UMI SALAMAH,R003,B,30,11:10:00,12:00:00,50.0,17
Senin,13:00:00 - 13:50:00,Basis Data,3,4,BAMBANG WIDOYONO,R003,D,30,13:00:00,13:50:00,50.0,13
Senin,13:55:00 - 14:45:00,Basis Data,3,4,BAMBANG WIDOYONO,R003,D,30,13:55:00,14:45:00,50.0,12
Senin,15:30:00 - 16:20:00,Basis Data,3,4,BAMBANG WIDOYONO,R003,D,30,15:30:00,16:20:00,50.0,23
Senin,16:25:00 - 17:15:00,Basis Data,3,4,BAMBANG WIDOYONO,R003,D,30,16:25:00,17:15:00,50.0,23
Senin,13:00:00 - 13:50:00,Pemrograman Berorientasi Objek,3,3,AFRIZAL DOEWES,R004,A,25,13:00:00,13:50:00,50.0,18
Senin,13:55:00 - 14:45:00,Pemrograman Berorientasi Objek,3,3,AFRIZAL DOEWES,R004,A,25,13:55:00,14:45:00,50.0,10
Senin,15:30:00 - 16:20:00,Pemrograman Berorientasi Objek,3,3,AFRIZAL DOEWES,R004,A,25,15:30:00,16:20:00,50.0,20
Senin,07:30:00 - 08:20:00,Matematika Diskrit II,3,2,HERI PRASETYO,R004,C,25,07:30:00,08:20:00,50.0,20
Senin,08:25:00 - 09:15:00,Matematika Diskrit II,3,2,HERI PRASETYO,R004,C,25,08:25:00,09:15:00,50.0,24
Senin,09:20:00 - 10:10:00,Kecerdasan Komputasional,7,3,WIHARTO,R004,A,25,09:20:00,10:10:00,50.0,19
Senin,10:15:00 - 11:05:00,Kecerdasan Komputasional,7,3,WIHARTO,R004,A,25,10:15:00,11:05:00,50.0,25
Senin,11:10:00 - 12:00:00,Kecerdasan Komputasional,7,3,WIHARTO,R004,A,25,11:10:00,12:00:00,50.0,21
Senin,07:30:00 - 08:20:00,Sistem Digital,1,3,ENDRA PRATAMA,R005,A,25,07:30:00,08:20:00,50.0,21
Senin,08:25:00 - 09:15:00,Sistem Digital,1,3,ENDRA PRATAMA,R005,A,25,08:25:00,09:15:00,50.0,25
Senin,13:00:00 - 13:50:00,Bahasa Indonesia,1,2,MUHAMMAD ROHMADI,R005,A,25,13:00:00,13:50:00,50.0,24
Senin,13:55:00 - 14:45:00,Bahasa Indonesia,1,2,MUHAMMAD ROHMADI,R005,A,25,13:55:00,14:45:00,50.0,23
Senin,09:20:00 - 10:10:00,Konsep Pemrograman,1,4,BAMBANG HARJITO,R005,B,25,09:20:00,10:10:00,50.0,23
Senin,10:15:00 - 11:05:00,Konsep Pemrograman,1,4,BAMBANG HARJITO,R005,B,25,10:15:00,11:05:00,50.0,24
Senin,11:10:00 - 12:00:00,Konsep Pemrograman,1,4,BAMBANG HARJITO,R005,B,25,11:10:00,12:00:00,50.0,23
Senin,15:30:00 - 16:20:00,Metode Numerik,3,3,UMI SALAMAH,R005,C,25,15:30:00,16:20:00,50.0,12
Senin,16:25:00 - 17:15:00,Bahasa Inggris I,1,2,"PRIMANDA DEWANTI, S.PD.",R006,A,35,16:25:00,17:15:00,50.0,25
Senin,18:10:00 - 19:00:00,Bahasa Inggris I,1,2,"PRIMANDA DEWANTI, S.PD.",R006,A,35,18:10:00,19:00:00,50.0,33
Senin,09:20:00 - 10:10:00,Basis Data,3,4,BRILYAN HENDRASURYAWAN,R006,A,35,09:20:00,10:10:00,50.0,16
Senin,10:15:00 - 11:05:00,Basis Data,3,4,BRILYAN HENDRASURYAWAN,R006,A,35,10:15:00,11:05:00,50.0,18
Senin,11:10:00 - 12:00:00,Basis Data,3,4,BRILYAN HENDRASURYAWAN,R006,A,35,11:10:00,12:00:00,50.0,32
Senin,07:30:00 - 08:20:00,Pemrograman Berorientasi Objek,3,3,ARIF ROHMADI,R006,D,35,07:30:00,08:20:00,50.0,20
Senin,08:25:00 - 09:15:00,Pemrograman Berorientasi Objek,3,3,ARIF ROHMADI,R006,D,35,08:25:00,09:15:00,50.0,34
Senin,13:00:00 - 13:50:00,Sistem Terdistribusi,5,3,WISNU WIDIARTO,R006,E,35,13:00:00,13:50:00,50.0,22
Senin,13:55:00 - 14:45:00,Sistem Terdistribusi,5,3,WISNU WIDIARTO,R006,E,35,13:55:00,14:45:00,50.0,20
Senin,15:30:00 - 16:20:00,Sistem Terdistribusi,5,3,WISNU WIDIARTO,R006,E,35,15:30:00,16:20:00,50.0,31
Senin,07:30:00 - 08:20:00,Konsep Pemrograman,1,4,AFRIZAL DOEWES,R007,D,20,07:30:00,08:20:00,50.0,11
Senin,08:25:00 - 09:15:00,Konsep Pemrograman,1,4,AFRIZAL DOEWES,R007,D,20,08:25:00,09:15:00,50.0,16
Senin,09:20:00 - 10:10:00,Konsep Pemrograman,1,4,AFRIZAL DOEWES,R007,D,20,09:20:00,10:10:00,50.0,19
Senin,10:15:00 - 11:05:00,Interaksi Manusia & Komputer ( Team Teaching ),5,2,ERY PERMANA YUDHA + RINI ANGGRAININGSIH,R007,A,20,10:15:00,11:05:00,50.0,9
Senin,11:10:00 - 12:00:00,Interaksi Manusia & Komputer ( Team Teaching ),5,2,ERY PERMANA YUDHA + RINI ANGGRAININGSIH,R007,A,20,11:10:00,12:00:00,50.0,17
Senin,13:00:00 - 13:50:00,Data Mining,5,3,WIRANTO,R007,A,20,13:00:00,13:50:00,50.0,16
Senin,13:55:00 - 14:45:00,Data Mining,5,3,WIRANTO,R007,A,20,13:55:00,14:45:00,50.0,17
Senin,15:30:00 - 16:20:00,Data Mining,5,3,WIRANTO,R007,A,20,15:30:00,16:20:00,50.0,12
Senin,15:30:00 - 16:20:00,Basis Data,3,4,BRILYAN HENDRASURYAWAN,R008,B,45,15:30:00,16:20:00,50.0,19
Senin,09:20:00 - 10:10:00,Teori Game,5,3,NUGHTHOH ARFAWI KURDHI,R008,B,45,09:20:00,10:10:00,50.0,37
Senin,10:15:00 - 11:05:00,Teori Game,5,3,NUGHTHOH ARFAWI KURDHI,R008,B,45,10:15:00,11:05:00,50.0,45
Senin,11:10:00 - 12:00:00,Teori Game,5,3,NUGHTHOH ARFAWI KURDHI,R008,B,45,11:10:00,12:00:00,50.0,32
Senin,07:30:00 - 08:20:00,Kewirausahaan,7,2,AKHMAD SYAIFUDDIN,R008,A,45,07:30:00,08:20:00,50.0,45
Senin,08:25:00 - 09:15:00,Kewirausahaan,7,2,AKHMAD SYAIFUDDIN,R008,A,45,08:25:00,09:15:00,50.0,24
Senin,13:00:00 - 13:50:00,Etika Profesi,7,2,HARYONO SETIADI,R008,A,45,13:00:00,13:50:00,50.0,29
Senin,13:55:00 - 14:45:00,Etika Profesi,7,2,HARYONO SETIADI,R008,A,45,13:55:00,14:45:00,50.0,25
Senin,07:30:00 - 08:20:00,Matematika Dasar,1,3,RISTU SAPTONO,R009,B,30,07:30:00,08:20:00,50.0,26
Senin,08:25:00 - 09:15:00,Matematika Dasar,1,3,RISTU SAPTONO,R009,B,30,08:25:00,09:15:00,50.0,14
Senin,09:20:00 - 10:10:00,Matematika Dasar,1,3,RISTU SAPTONO,R009,B,30,09:20:00,10:10:00,50.0,25
Senin,10:15:00 - 11:05:00,Pemodelan dan Simulasi,3,3,SHAIFUDIN ZUHDI,R009,A,30,10:15:00,11:05:00,50.0,28
Senin,11:10:00 - 12:00:00,Pemodelan dan Simulasi,3,3,SHAIFUDIN ZUHDI,R009,A,30,11:10:00,12:00:00,50.0,15
Senin,13:00:00 - 13:50:00,Pemodelan dan Simulasi,3,3,SHAIFUDIN ZUHDI,R009,A,30,13:00:00,13:50:00,50.0,29
Senin,13:55:00 - 14:45:00,Pemodelan dan Simulasi,3,3,SHAIFUDIN ZUHDI,R009,B,30,13:55:00,14:45:00,50.0,19
Senin,15:30:00 - 16:20:00,Pemodelan dan Simulasi,3,3,SHAIFUDIN ZUHDI,R009,B,30,15:30:00,16:20:00,50.0,15
Senin,16:25:00 - 17:15:00,Pemodelan dan Simulasi,3,3,SHAIFUDIN ZUHDI,R009,B,30,16:25:00,17:15:00,50.0,13
Senin,07:30:00 - 08:20:00,Statistika Sains Data,1,3,GETUT PRAMESTI,R010,A,30,07:30:00,08:20:00,50.0,17
Senin,08:25:00 - 09:15:00,Statistika Sains Data,1,3,GETUT PRAMESTI,R010,A,30,08:25:00,09:15:00,50.0,21
Senin,09:20:00 - 10:10:00,Statistika Sains Data,1,3,GETUT PRAMESTI,R010,A,30,09:20:00,10:10:00,50.0,15
Senin,10:15:00 - 11:05:00,Matematika Dasar,1,3,RISTU SAPTONO,R010,A,30,10:15:00,11:05:00,50.0,29
Senin,11:10:00 - 12:00:00,Matematika Dasar,1,3,RISTU SAPTONO,R010,A,30,11:10:00,12:00:00,50.0,23
Senin,13:00:00 - 13:50:00,Matematika Dasar,1,3,RISTU SAPTONO,R010,A,30,13:00:00,13:50:00,50.0,13
Senin,19:30:00 - 20:20:00,Bahasa Inggris,1,2,"PRIMANDA DEWANTI, S.PD.",R010,A,30,19:30:00,20:20:00,50.0,21
Senin,20:25:00 - 21:15:00,Bahasa Inggris,1,2,"PRIMANDA DEWANTI, S.PD.",R010,A,30,20:25:00,21:15:00,50.0,15
Senin,13:55:00 - 14:45:00,Analisis Data Citra Biomedik,5,3,ESTI SURYANI,R010,A,30,13:55:00,14:45:00,50.0,25
Senin,15:30:00 - 16:20:00,Analisis Data Citra Biomedik,5,3,ESTI SURYANI,R010,A,30,15:30:00,16:20:00,50.0,27
Senin,16:25:00 - 17:15:00,Analisis Data Citra Biomedik,5,3,ESTI SURYANI,R010,A,30,16:25:00,17:15:00,50.0,26
Selasa,07:30:00 - 08:20:00,Fisika ( Team Teaching ),1,3,AGUS SUPRIYANTO + LUTHFIYA KURNIA PERMATAHATI,R001,D,25,07:30:00,08:20:00,50.0,17
Selasa,08:25:00 - 09:15:00,Fisika ( Team Teaching ),1,3,AGUS SUPRIYANTO + LUTHFIYA KURNIA PERMATAHATI,R001,D,25,08:25:00,09:15:00,50.0,23
Selasa,09:20:00 - 10:10:00,Fisika ( Team Teaching ),1,3,AGUS SUPRIYANTO + LUTHFIYA KURNIA PERMATAHATI,R001,D,25,09:20:00,10:10:00,50.0,16
Selasa,13:00:00 - 13:50:00,Sistem Terdistribusi,5,3,ERY PERMANA YUDHA,R001,C,25,13:00:00,13:50:00,50.0,21
Selasa,13:55:00 - 14:45:00,Sistem Terdistribusi,5,3,ERY PERMANA YUDHA,R001,C,25,13:55:00,14:45:00,50.0,18
Selasa,15:30:00 - 16:20:00,Sistem Terdistribusi,5,3,ERY PERMANA YUDHA,R001,C,25,15:30:00,16:20:00,50.0,23
Selasa,10:15:00 - 11:05:00,Organisasi dan Arsitektur Komputer,1,3,HERDITO IBNU DEWANGKORO,R001,B,25,10:15:00,11:05:00,50.0,17
Selasa,09:20:00 - 10:10:00,Pendidikan Agama Islam,1,2,CHOIROEL ANAM,R002,C,40,09:20:00,10:10:00,50.0,36
Selasa,10:15:00 - 11:05:00,Pendidikan Agama Islam,1,2,CHOIROEL ANAM,R002,C,40,10:15:00,11:05:00,50.0,31
Selasa,13:00:00 - 13:50:00,Pendidikan Agama Islam,1,2,RELLY PRIHATIN,R002,D,40,13:00:00,13:50:00,50.0,28
Selasa,13:55:00 - 14:45:00,Pendidikan Agama Islam,1,2,RELLY PRIHATIN,R002,D,40,13:55:00,14:45:00,50.0,33
Selasa,07:30:00 - 08:20:00,Pemrograman Berorientasi Objek,3,3,ARIF ROHMADI,R002,C,40,07:30:00,08:20:00,50.0,30
Selasa,08:25:00 - 09:15:00,Pemrograman Berorientasi Objek,3,3,ARIF ROHMADI,R002,C,40,08:25:00,09:15:00,50.0,36
Selasa,11:10:00 - 12:00:00,Pemrograman Berorientasi Objek,3,3,ARIF ROHMADI,R002,C,40,11:10:00,12:00:00,50.0,39
Selasa,15:30:00 - 16:20:00,Pemrograman Berorientasi Objek,3,3,ARIF ROHMADI,R002,D,40,15:30:00,16:20:00,50.0,40
Selasa,07:30:00 - 08:20:00,Basis Data,3,4,BRILYAN HENDRASURYAWAN,R003,B,30,07:30:00,08:20:00,50.0,24
Selasa,08:25:00 - 09:15:00,Basis Data,3,4,BRILYAN HENDRASURYAWAN,R003,B,30,08:25:00,09:15:00,50.0,20
Selasa,09:20:00 - 10:10:00,Basis Data,3,4,BRILYAN HENDRASURYAWAN,R003,B,30,09:20:00,10:10:00,50.0,26
Selasa,13:00:00 - 13:50:00,Sistem Operasi,3,3,HERDITO IBNU DEWANGKORO,R003,C,30,13:00:00,13:50:00,50.0,24
Selasa,13:55:00 - 14:45:00,Sistem Operasi,3,3,HERDITO IBNU DEWANGKORO,R003,C,30,13:55:00,14:45:00,50.0,12
Selasa,15:30:00 - 16:20:00,Sistem Operasi,3,3,HERDITO IBNU DEWANGKORO,R003,C,30,15:30:00,16:20:00,50.0,18
Selasa,10:15:00 - 11:05:00,Bahasa Indonesia,1,2,MUHAMMAD ROHMADI,R004,B,25,10:15:00,11:05:00,50.0,18
Selasa,11:10:00 - 12:00:00,Bahasa Indonesia,1,2,MUHAMMAD ROHMADI,R004,B,25,11:10:00,12:00:00,50.0,17
Selasa,07:30:00 - 08:20:00,Semantic Web,7,3,DEWI WISNU WARDANI,R004,A,25,07:30:00,08:20:00,50.0,10
Selasa,08:25:00 - 09:15:00,Semantic Web,7,3,DEWI WISNU WARDANI,R004,A,25,08:25:00,09:15:00,50.0,21
Selasa,09:20:00 - 10:10:00,Semantic Web,7,3,DEWI WISNU WARDANI,R004,A,25,09:20:00,10:10:00,50.0,17
Selasa,13:00:00 - 13:50:00,Kecerdasan Komputasional,7,3,WIHARTO,R004,B,25,13:00:00,13:50:00,50.0,17
Selasa,13:55:00 - 14:45:00,Kecerdasan Komputasional,7,3,WIHARTO,R004,B,25,13:55:00,14:45:00,50.0,24
Selasa,15:30:00 - 16:20:00,Kecerdasan Komputasional,7,3,WIHARTO,R004,B,25,15:30:00,16:20:00,50.0,20
Selasa,10:15:00 - 11:05:00,Bahasa Indonesia,1,2,KUNDHARU SADDHONO,R005,D,25,10:15:00,11:05:00,50.0,12
Selasa,11:10:00 - 12:00:00,Bahasa Indonesia,1,2,KUNDHARU SADDHONO,R005,D,25,11:10:00,12:00:00,50.0,10
Selasa,16:25:00 - 17:15:00,Pendidikan Agama katholik,1,2,VINSENSIUS KRISWIDIATMA TJAHJA H,R005,E,25,16:25:00,17:15:00,50.0,17
Selasa,18:10:00 - 19:00:00,Pendidikan Agama katholik,1,2,VINSENSIUS KRISWIDIATMA TJAHJA H,R005,E,25,18:10:00,19:00:00,50.0,12
Selasa,22:15:00 - 23:05:00,Pendidikan Agama Kristen,1,2,HERY HARJANTO,R005,F,25,22:15:00,23:05:00,50.0,12
Selasa,22:15:00 - 23:05:00,Pendidikan Agama Kristen,1,2,HERY HARJANTO,R005,F,25,22:15:00,23:05:00,50.0,10
Selasa,07:30:00 - 08:20:00,Machine Learning,5,3,SHAIFUDIN ZUHDI,R005,A,25,07:30:00,08:20:00,50.0,20
Selasa,08:25:00 - 09:15:00,Machine Learning,5,3,SHAIFUDIN ZUHDI,R005,A,25,08:25:00,09:15:00,50.0,14
Selasa,09:20:00 - 10:10:00,Machine Learning,5,3,SHAIFUDIN ZUHDI,R005,A,25,09:20:00,10:10:00,50.0,19
Selasa,13:00:00 - 13:50:00,Manajemen Sistem Informasi,5,3,RINI ANGGRAININGSIH,R005,A,25,13:00:00,13:50:00,50.0,16
Selasa,13:55:00 - 14:45:00,Manajemen Sistem Informasi,5,3,RINI ANGGRAININGSIH,R005,A,25,13:55:00,14:45:00,50.0,19
Selasa,15:30:00 - 16:20:00,Manajemen Sistem Informasi,5,3,RINI ANGGRAININGSIH,R005,A,25,15:30:00,16:20:00,50.0,18
Selasa,07:30:00 - 08:20:00,Konsep Pemrograman,1,4,BAMBANG HARJITO,R006,A,35,07:30:00,08:20:00,50.0,20
Selasa,08:25:00 - 09:15:00,Konsep Pemrograman,1,4,BAMBANG HARJITO,R006,A,35,08:25:00,09:15:00,50.0,22
Selasa,09:20:00 - 10:10:00,Konsep Pemrograman,1,4,BAMBANG HARJITO,R006,A,35,09:20:00,10:10:00,50.0,21
Selasa,15:30:00 - 16:20:00,Metode Numerik,3,3,UMI SALAMAH,R006,A,35,15:30:00,16:20:00,50.0,25
Selasa,13:00:00 - 13:50:00,Matematika Diskrit II,3,2,SHAIFUDIN ZUHDI,R006,B,35,13:00:00,13:50:00,50.0,15
Selasa,13:55:00 - 14:45:00,Matematika Diskrit II,3,2,SHAIFUDIN ZUHDI,R006,B,35,13:55:00,14:45:00,50.0,14
Selasa,10:15:00 - 11:05:00,Sistem Manajemen Basis Data,3,3,DEWI WISNU WARDANI,R006,B,35,10:15:00,11:05:00,50.0,29
Selasa,13:00:00 - 13:50:00,Konsep Pemrograman,1,4,AFRIZAL DOEWES,R007,C,20,13:00:00,13:50:00,50.0,14
Selasa,13:55:00 - 14:45:00,Konsep Pemrograman,1,4,AFRIZAL DOEWES,R007,C,20,13:55:00,14:45:00,50.0,14
Selasa,15:30:00 - 16:20:00,Konsep Pemrograman,1,4,AFRIZAL DOEWES,R007,C,20,15:30:00,16:20:00,50.0,15
Selasa,16:25:00 - 17:15:00,Konsep Pemrograman,1,4,AFRIZAL DOEWES,R007,C,20,16:25:00,17:15:00,50.0,12
Selasa,07:30:00 - 08:20:00,Matematika Diskrit II,3,2,HERI PRASETYO,R007,D,20,07:30:00,08:20:00,50.0,10
Selasa,08:25:00 - 09:15:00,Matematika Diskrit II,3,2,HERI PRASETYO,R007,D,20,08:25:00,09:15:00,50.0,19
Selasa,15:30:00 - 16:20:00,Konsep Pemrograman,1,4,BAMBANG HARJITO,R008,B,45,15:30:00,16:20:00,50.0,25
Selasa,07:30:00 - 08:20:00,Etika Profesi,7,2,HARYONO SETIADI,R008,B,45,07:30:00,08:20:00,50.0,39
Selasa,08:25:00 - 09:15:00,Etika Profesi,7,2,HARYONO SETIADI,R008,B,45,08:25:00,09:15:00,50.0,44
Selasa,13:00:00 - 13:50:00,Kewirausahaan,7,2,AKHMAD SYAIFUDDIN,R008,C,45,13:00:00,13:50:00,50.0,20
Selasa,13:55:00 - 14:45:00,Kewirausahaan,7,2,AKHMAD SYAIFUDDIN,R008,C,45,13:55:00,14:45:00,50.0,18
Selasa,09:20:00 - 10:10:00,Kewirausahaan,7,2,NISAUL HASANAH A ROSYAD,R008,D,45,09:20:00,10:10:00,50.0,20
Selasa,10:15:00 - 11:05:00,Kewirausahaan,7,2,NISAUL HASANAH A ROSYAD,R008,D,45,10:15:00,11:05:00,50.0,22
Selasa,07:30:00 - 08:20:00,Statistika Sains Data,1,3,GETUT PRAMESTI,R009,B,30,07:30:00,08:20:00,50.0,26
Selasa,08:25:00 - 09:15:00,Statistika Sains Data,1,3,GETUT PRAMESTI,R009,B,30,08:25:00,09:15:00,50.0,25
Selasa,09:20:00 - 10:10:00,Statistika Sains Data,1,3,GETUT PRAMESTI,R009,B,30,09:20:00,10:10:00,50.0,14
Selasa,11:10:00 - 12:00:00,Pancasila,3,2,MUHAMMAD HENDRI NURYADI,R009,A,30,11:10:00,12:00:00,50.0,12
Selasa,13:00:00 - 13:50:00,Pancasila,3,2,MUHAMMAD HENDRI NURYADI,R009,A,30,13:00:00,13:50:00,50.0,16
Selasa,13:55:00 - 14:45:00,Pancasila,3,2,MUHAMMAD HENDRI NURYADI,R009,B,30,13:55:00,14:45:00,50.0,25
Selasa,15:30:00 - 16:20:00,Pancasila,3,2,MUHAMMAD HENDRI NURYADI,R009,B,30,15:30:00,16:20:00,50.0,18
Selasa,16:25:00 - 17:15:00,Pendidikan Agama Kristen,1,2,HERY HARJANTO,R009,A,30,16:25:00,17:15:00,50.0,20
Selasa,18:10:00 - 19:00:00,Pendidikan Agama Kristen,1,2,HERY HARJANTO,R009,A,30,18:10:00,19:00:00,50.0,26
Selasa,07:30:00 - 08:20:00,Teknologi Cloud untuk Big Data dan Data Analitik,5,3,BAMBANG WIDOYONO,R010,B,30,07:30:00,08:20:00,50.0,26
Selasa,08:25:00 - 09:15:00,Teknologi Cloud untuk Big Data dan Data Analitik,5,3,BAMBANG WIDOYONO,R010,B,30,08:25:00,09:15:00,50.0,21
Selasa,09:20:00 - 10:10:00,Teknologi Cloud untuk Big Data dan Data Analitik,5,3,BAMBANG WIDOYONO,R010,B,30,09:20:00,10:10:00,50.0,24
Selasa,10:15:00 - 11:05:00,Pembelajaran Mesin,5,3,MUHAMMAD FAHMY NADHIF,R010,B,30,10:15:00,11:05:00,50.0,30
Selasa,11:10:00 - 12:00:00,Pembelajaran Mesin,5,3,MUHAMMAD FAHMY NADHIF,R010,B,30,11:10:00,12:00:00,50.0,18
Selasa,13:00:00 - 13:50:00,Pembelajaran Mesin,5,3,MUHAMMAD FAHMY NADHIF,R010,B,30,13:00:00,13:50:00,50.0,28
Selasa,13:55:00 - 14:45:00,Intelijen Bisnis,5,3,ENDRA PRATAMA,R010,A,30,13:55:00,14:45:00,50.0,15
Selasa,15:30:00 - 16:20:00,Intelijen Bisnis,5,3,ENDRA PRATAMA,R010,A,30,15:30:00,16:20:00,50.0,16
Selasa,16:25:00 - 17:15:00,Intelijen Bisnis,5,3,ENDRA PRATAMA,R010,A,30,16:25:00,17:15:00,50.0,18
Rabu,07:30:00 - 08:20:00,Matematika Diskrit II,3,2,SHAIFUDIN ZUHDI,R001,A,25,07:30:00,08:20:00,50.0,22
Rabu,08:25:00 - 09:15:00,Matematika Diskrit II,3,2,SHAIFUDIN ZUHDI,R001,A,25,08:25:00,09:15:00,50.0,24
Rabu,13:00:00 - 13:50:00,Sistem Terdistribusi,5,3,WISNU WIDIARTO,R001,F,25,13:00:00,13:50:00,50.0,20
Rabu,13:55:00 - 14:45:00,Sistem Terdistribusi,5,3,WISNU WIDIARTO,R001,F,25,13:55:00,14:45:00,50.0,22
Rabu,15:30:00 - 16:20:00,Sistem Terdistribusi,5,3,WISNU WIDIARTO,R001,F,25,15:30:00,16:20:00,50.0,13
Rabu,13:00:00 - 13:50:00,Sistem Digital,1,3,ENDRA PRATAMA,R002,B,40,13:00:00,13:50:00,50.0,28
Rabu,13:55:00 - 14:45:00,Sistem Digital,1,3,ENDRA PRATAMA,R002,B,40,13:55:00,14:45:00,50.0,22
Rabu,15:30:00 - 16:20:00,Sistem Digital,1,3,ENDRA PRATAMA,R002,B,40,15:30:00,16:20:00,50.0,34
Rabu,10:15:00 - 11:05:00,Riset Operasi,5,2,BAMBANG HARJITO,R002,A,40,10:15:00,11:05:00,50.0,37
Rabu,11:10:00 - 12:00:00,Riset Operasi,5,2,BAMBANG HARJITO,R002,A,40,11:10:00,12:00:00,50.0,17
Rabu,07:30:00 - 08:20:00,Kewirausahaan,7,2,AKHMAD SYAIFUDDIN,R002,B,40,07:30:00,08:20:00,50.0,25
Rabu,08:25:00 - 09:15:00,Kewirausahaan,7,2,AKHMAD SYAIFUDDIN,R002,B,40,08:25:00,09:15:00,50.0,28
Rabu,13:00:00 - 13:50:00,Pemrograman Berorientasi Objek,3,3,AFRIZAL DOEWES,R003,B,30,13:00:00,13:50:00,50.0,17
Rabu,13:55:00 - 14:45:00,Pemrograman Berorientasi Objek,3,3,AFRIZAL DOEWES,R003,B,30,13:55:00,14:45:00,50.0,23
Rabu,15:30:00 - 16:20:00,Pemrograman Berorientasi Objek,3,3,AFRIZAL DOEWES,R003,B,30,15:30:00,16:20:00,50.0,23
Rabu,07:30:00 - 08:20:00,Pengolahan Citra Digital,5,3,HERDITO IBNU DEWANGKORO,R003,C,30,07:30:00,08:20:00,50.0,22
Rabu,08:25:00 - 09:15:00,Pengolahan Citra Digital,5,3,HERDITO IBNU DEWANGKORO,R003,C,30,08:25:00,09:15:00,50.0,18
Rabu,09:20:00 - 10:10:00,Pengolahan Citra Digital,5,3,HERDITO IBNU DEWANGKORO,R003,C,30,09:20:00,10:10:00,50.0,12
Rabu,10:15:00 - 11:05:00,Jaringan Komputer,3,3,WISNU WIDIARTO,R003,B,30,10:15:00,11:05:00,50.0,12
Rabu,11:10:00 - 12:00:00,Jaringan Komputer,3,3,WISNU WIDIARTO,R003,B,30,11:10:00,12:00:00,50.0,24
Rabu,10:15:00 - 11:05:00,Sistem Operasi,3,3,HERDITO IBNU DEWANGKORO,R004,D,25,10:15:00,11:05:00,50.0,18
Rabu,11:10:00 - 12:00:00,Sistem Operasi,3,3,HERDITO IBNU DEWANGKORO,R004,D,25,11:10:00,12:00:00,50.0,12
Rabu,07:30:00 - 08:20:00,Data Mining,5,3,WIRANTO,R004,B,25,07:30:00,08:20:00,50.0,16
Rabu,08:25:00 - 09:15:00,Data Mining,5,3,WIRANTO,R004,B,25,08:25:00,09:15:00,50.0,15
Rabu,09:20:00 - 10:10:00,Data Mining,5,3,WIRANTO,R004,B,25,09:20:00,10:10:00,50.0,17
Rabu,13:00:00 - 13:50:00,Data Mining,5,3,WIRANTO,R004,C,25,13:00:00,13:50:00,50.0,20
Rabu,13:55:00 - 14:45:00,Data Mining,5,3,WIRANTO,R004,C,25,13:55:00,14:45:00,50.0,18
Rabu,15:30:00 - 16:20:00,Data Mining,5,3,WIRANTO,R004,C,25,15:30:00,16:20:00,50.0,23
Rabu,10:15:00 - 11:05:00,Sistem Digital,1,3,AKHMAD SYAIFUDDIN,R005,C,25,10:15:00,11:05:00,50.0,14
Rabu,11:10:00 - 12:00:00,Sistem Digital,1,3,AKHMAD SYAIFUDDIN,R005,C,25,11:10:00,12:00:00,50.0,10
Rabu,13:00:00 - 13:50:00,Statistika & Probabilitas,1,3,ESTI SURYANI,R005,D,25,13:00:00,13:50:00,50.0,12
Rabu,13:55:00 - 14:45:00,Statistika & Probabilitas,1,3,ESTI SURYANI,R005,D,25,13:55:00,14:45:00,50.0,19
Rabu,15:30:00 - 16:20:00,Statistika & Probabilitas,1,3,ESTI SURYANI,R005,D,25,15:30:00,16:20:00,50.0,21
Rabu,07:30:00 - 08:20:00,Komputasi Grid,5,3,WISNU WIDIARTO,R005,A,25,07:30:00,08:20:00,50.0,17
Rabu,08:25:00 - 09:15:00,Komputasi Grid,5,3,WISNU WIDIARTO,R005,A,25,08:25:00,09:15:00,50.0,24
Rabu,09:20:00 - 10:10:00,Komputasi Grid,5,3,WISNU WIDIARTO,R005,A,25,09:20:00,10:10:00,50.0,20
Rabu,07:30:00 - 08:20:00,Kalkulus I,1,3,MIRA ANDRIYANI,R006,C,35,07:30:00,08:20:00,50.0,35
Rabu,08:25:00 - 09:15:00,Kalkulus I,1,3,MIRA ANDRIYANI,R006,C,35,08:25:00,09:15:00,50.0,22
Rabu,09:20:00 - 10:10:00,Kalkulus I,1,3,MIRA ANDRIYANI,R006,C,35,09:20:00,10:10:00,50.0,33
Rabu,13:00:00 - 13:50:00,Basis Data Lanjut,5,3,MUHAMMAD FAHMY NADHIF,R006,A,35,13:00:00,13:50:00,50.0,30
Rabu,13:55:00 - 14:45:00,Basis Data Lanjut,5,3,MUHAMMAD FAHMY NADHIF,R006,A,35,13:55:00,14:45:00,50.0,30
Rabu,15:30:00 - 16:20:00,Basis Data Lanjut,5,3,MUHAMMAD FAHMY NADHIF,R006,A,35,15:30:00,16:20:00,50.0,33
Rabu,10:15:00 - 11:05:00,Interaksi Manusia & Komputer,5,2,RINI ANGGRAININGSIH,R006,D,35,10:15:00,11:05:00,50.0,25
Rabu,11:10:00 - 12:00:00,Interaksi Manusia & Komputer,5,2,RINI ANGGRAININGSIH,R006,D,35,11:10:00,12:00:00,50.0,20
Rabu,15:30:00 - 16:20:00,Konsep Pemrograman,1,4,BAMBANG HARJITO,R007,A,20,15:30:00,16:20:00,50.0,9
Rabu,10:15:00 - 11:05:00,Metode Numerik,3,3,UMI SALAMAH,R007,A,20,10:15:00,11:05:00,50.0,10
Rabu,11:10:00 - 12:00:00,Metode Numerik,3,3,UMI SALAMAH,R007,A,20,11:10:00,12:00:00,50.0,8
Rabu,13:00:00 - 13:50:00,Interaksi Manusia & Komputer ( Team Teaching ),5,2,ERY PERMANA YUDHA + RINI ANGGRAININGSIH,R007,B,20,13:00:00,13:50:00,50.0,12
Rabu,13:55:00 - 14:45:00,Interaksi Manusia & Komputer ( Team Teaching ),5,2,ERY PERMANA YUDHA + RINI ANGGRAININGSIH,R007,B,20,13:55:00,14:45:00,50.0,8
Rabu,10:15:00 - 11:05:00,Sistem Operasi,3,3,HARYONO SETIADI,R008,B,45,10:15:00,11:05:00,50.0,41
Rabu,11:10:00 - 12:00:00,Sistem Operasi,3,3,HARYONO SETIADI,R008,B,45,11:10:00,12:00:00,50.0,34
Rabu,07:30:00 - 08:20:00,Basis Data,3,4,BAMBANG WIDOYONO,R008,C,45,07:30:00,08:20:00,50.0,44
Rabu,08:25:00 - 09:15:00,Basis Data,3,4,BAMBANG WIDOYONO,R008,C,45,08:25:00,09:15:00,50.0,34
Rabu,09:20:00 - 10:10:00,Basis Data,3,4,BAMBANG WIDOYONO,R008,C,45,09:20:00,10:10:00,50.0,19
Rabu,13:00:00 - 13:50:00,Teknologi IoT,7,3,ABDUL AZIZ,R008,A,45,13:00:00,13:50:00,50.0,19
Rabu,13:55:00 - 14:45:00,Teknologi IoT,7,3,ABDUL AZIZ,R008,A,45,13:55:00,14:45:00,50.0,45
Rabu,15:30:00 - 16:20:00,Teknologi IoT,7,3,ABDUL AZIZ,R008,A,45,15:30:00,16:20:00,50.0,39
Rabu,07:30:00 - 08:20:00,Pembelajaran Mesin,5,3,MUHAMMAD FAHMY NADHIF,R009,A,30,07:30:00,08:20:00,50.0,16
Rabu,08:25:00 - 09:15:00,Pembelajaran Mesin,5,3,MUHAMMAD FAHMY NADHIF,R009,A,30,08:25:00,09:15:00,50.0,12
Rabu,09:20:00 - 10:10:00,Pembelajaran Mesin,5,3,MUHAMMAD FAHMY NADHIF,R009,A,30,09:20:00,10:10:00,50.0,12
Rabu,10:15:00 - 11:05:00,Organisasi dan Arsitektur Komputer,1,3,BRILYAN HENDRASURYAWAN,R009,A,30,10:15:00,11:05:00,50.0,30
Rabu,11:10:00 - 12:00:00,Organisasi dan Arsitektur Komputer,1,3,BRILYAN HENDRASURYAWAN,R009,A,30,11:10:00,12:00:00,50.0,13
Rabu,13:00:00 - 13:50:00,Basis Pengetahuan dan Penalaran,5,3,DEWI WISNU WARDANI,R009,A,30,13:00:00,13:50:00,50.0,23
Rabu,13:55:00 - 14:45:00,Basis Pengetahuan dan Penalaran,5,3,DEWI WISNU WARDANI,R009,A,30,13:55:00,14:45:00,50.0,17
Rabu,15:30:00 - 16:20:00,Basis Pengetahuan dan Penalaran,5,3,DEWI WISNU WARDANI,R009,A,30,15:30:00,16:20:00,50.0,15
Rabu,16:25:00 - 17:15:00,Organisasi dan Arsitektur Komputer,1,3,BRILYAN HENDRASURYAWAN,R009,A,30,16:25:00,17:15:00,50.0,22
Rabu,18:10:00 - 19:00:00,Pendidikan Agama Katolik,1,2,VINSENSIUS KRISWIDIATMA TJAHJA H,R009,A,30,18:10:00,19:00:00,50.0,28
Rabu,19:30:00 - 20:20:00,Pendidikan Agama Katolik,1,2,VINSENSIUS KRISWIDIATMA TJAHJA H,R009,A,30,19:30:00,20:20:00,50.0,17
Rabu,07:30:00 - 08:20:00,Sistem Manajemen Basis Data,3,3,DEWI WISNU WARDANI,R010,A,30,07:30:00,08:20:00,50.0,16
Rabu,08:25:00 - 09:15:00,Sistem Manajemen Basis Data,3,3,DEWI WISNU WARDANI,R010,A,30,08:25:00,09:15:00,50.0,13
Rabu,09:20:00 - 10:10:00,Matematika Diskrit dan Teori Graph,3,3,ENDRA PRATAMA,R010,A,30,09:20:00,10:10:00,50.0,17
Rabu,10:15:00 - 11:05:00,Matematika Diskrit dan Teori Graph,3,3,ENDRA PRATAMA,R010,A,30,10:15:00,11:05:00,50.0,22
Rabu,11:10:00 - 12:00:00,Matematika Diskrit dan Teori Graph,3,3,ENDRA PRATAMA,R010,A,30,11:10:00,12:00:00,50.0,27
Rabu,13:00:00 - 13:50:00,Dasar Pemrograman,1,4,HASAN DWI CAHYONO,R010,B,30,13:00:00,13:50:00,50.0,27
Rabu,13:55:00 - 14:45:00,Dasar Pemrograman,1,4,HASAN DWI CAHYONO,R010,B,30,13:55:00,14:45:00,50.0,12
Rabu,15:30:00 - 16:20:00,Dasar Pemrograman,1,4,HASAN DWI CAHYONO,R010,B,30,15:30:00,16:20:00,50.0,20
Rabu,16:25:00 - 17:15:00,Dasar Pemrograman,1,4,HASAN DWI CAHYONO,R010,B,30,16:25:00,17:15:00,50.0,17
Kamis,10:15:00 - 11:05:00,Pendidikan Agama Islam,1,2,IRFAN A N,R001,A,25,10:15:00,11:05:00,50.0,25
Kamis,11:10:00 - 12:00:00,Pendidikan Agama Islam,1,2,IRFAN A N,R001,A,25,11:10:00,12:00:00,50.0,22
Kamis,13:00:00 - 13:50:00,Fisika,1,3,BUDI PURNAMA,R001,B,25,13:00:00,13:50:00,50.0,12
Kamis,13:55:00 - 14:45:00,Fisika,1,3,BUDI PURNAMA,R001,B,25,13:55:00,14:45:00,50.0,13
Kamis,15:30:00 - 16:20:00,Fisika,1,3,BUDI PURNAMA,R001,B,25,15:30:00,16:20:00,50.0,21
Kamis,07:30:00 - 08:20:00,Fisika ( Team Teaching ),1,3,AGUS SUPRIYANTO + LUTHFIYA KURNIA PERMATAHATI,R001,C,25,07:30:00,08:20:00,50.0,20
Kamis,08:25:00 - 09:15:00,Fisika ( Team Teaching ),1,3,AGUS SUPRIYANTO + LUTHFIYA KURNIA PERMATAHATI,R001,C,25,08:25:00,09:15:00,50.0,13
Kamis,09:20:00 - 10:10:00,Fisika ( Team Teaching ),1,3,AGUS SUPRIYANTO + LUTHFIYA KURNIA PERMATAHATI,R001,C,25,09:20:00,10:10:00,50.0,12
Kamis,16:25:00 - 17:15:00,Analisis Data Timeseries,5,3,SHAIFUDIN ZUHDI,R001,A,25,16:25:00,17:15:00,50.0,19
Kamis,18:10:00 - 19:00:00,Analisis Data Timeseries,5,3,SHAIFUDIN ZUHDI,R001,A,25,18:10:00,19:00:00,50.0,12
Kamis,19:30:00 - 20:20:00,Analisis Data Timeseries,5,3,SHAIFUDIN ZUHDI,R001,A,25,19:30:00,20:20:00,50.0,24
Kamis,10:15:00 - 11:05:00,Pendidikan Pancasila,3,2,IRWAN IFTADI,R002,A,40,10:15:00,11:05:00,50.0,34
Kamis,11:10:00 - 12:00:00,Pendidikan Pancasila,3,2,IRWAN IFTADI,R002,A,40,11:10:00,12:00:00,50.0,35
Kamis,15:30:00 - 16:20:00,Basis Data,3,4,BRILYAN HENDRASURYAWAN,R002,A,40,15:30:00,16:20:00,50.0,22
Kamis,07:30:00 - 08:20:00,Desain & Analisis Algoritma,3,3,ARIF ROHMADI,R002,B,40,07:30:00,08:20:00,50.0,35
Kamis,08:25:00 - 09:15:00,Desain & Analisis Algoritma,3,3,ARIF ROHMADI,R002,B,40,08:25:00,09:15:00,50.0,24
Kamis,09:20:00 - 10:10:00,Desain & Analisis Algoritma,3,3,ARIF ROHMADI,R002,B,40,09:20:00,10:10:00,50.0,16
Kamis,13:00:00 - 13:50:00,Pendidikan Pancasila,3,2,IRWAN IFTADI,R002,B,40,13:00:00,13:50:00,50.0,23
Kamis,13:55:00 - 14:45:00,Pendidikan Pancasila,3,2,IRWAN IFTADI,R002,B,40,13:55:00,14:45:00,50.0,22
Kamis,10:15:00 - 11:05:00,Pengolahan Citra Digital,5,3,HERI PRASETYO,R003,A,30,10:15:00,11:05:00,50.0,29
Kamis,11:10:00 - 12:00:00,Pengolahan Citra Digital,5,3,HERI PRASETYO,R003,A,30,11:10:00,12:00:00,50.0,19
Kamis,13:00:00 - 13:50:00,Pengolahan Citra Digital,5,3,HERI PRASETYO,R003,A,30,13:00:00,13:50:00,50.0,12
Kamis,13:55:00 - 14:45:00,Sistem Terdistribusi,5,3,FAJAR MUSLIM,R003,A,30,13:55:00,14:45:00,50.0,22
Kamis,15:30:00 - 16:20:00,Sistem Terdistribusi,5,3,FAJAR MUSLIM,R003,A,30,15:30:00,16:20:00,50.0,29
Kamis,16:25:00 - 17:15:00,Sistem Terdistribusi,5,3,FAJAR MUSLIM,R003,A,30,16:25:00,17:15:00,50.0,21
Kamis,07:30:00 - 08:20:00,Sistem Terdistribusi,5,3,FAJAR MUSLIM,R003,B,30,07:30:00,08:20:00,50.0,14
Kamis,08:25:00 - 09:15:00,Sistem Terdistribusi,5,3,FAJAR MUSLIM,R003,B,30,08:25:00,09:15:00,50.0,18
Kamis,09:20:00 - 10:10:00,Sistem Terdistribusi,5,3,FAJAR MUSLIM,R003,B,30,09:20:00,10:10:00,50.0,27
Kamis,07:30:00 - 08:20:00,Statistika & Probabilitas,1,3,RISTU SAPTONO,R004,A,25,07:30:00,08:20:00,50.0,19
Kamis,08:25:00 - 09:15:00,Statistika & Probabilitas,1,3,RISTU SAPTONO,R004,A,25,08:25:00,09:15:00,50.0,25
Kamis,09:20:00 - 10:10:00,Statistika & Probabilitas,1,3,RISTU SAPTONO,R004,A,25,09:20:00,10:10:00,50.0,18
Kamis,10:15:00 - 11:05:00,Sistem Digital,1,3,AKHMAD SYAIFUDDIN,R004,D,25,10:15:00,11:05:00,50.0,13
Kamis,11:10:00 - 12:00:00,Sistem Digital,1,3,AKHMAD SYAIFUDDIN,R004,D,25,11:10:00,12:00:00,50.0,21
Kamis,16:25:00 - 17:15:00,Sistem Digital,1,3,AKHMAD SYAIFUDDIN,R004,D,25,16:25:00,17:15:00,50.0,10
Kamis,13:00:00 - 13:50:00,Desain & Analisis Algoritma,3,3,AKHMAD SYAIFUDDIN,R004,C,25,13:00:00,13:50:00,50.0,11
Kamis,13:55:00 - 14:45:00,Desain & Analisis Algoritma,3,3,AKHMAD SYAIFUDDIN,R004,C,25,13:55:00,14:45:00,50.0,10
Kamis,15:30:00 - 16:20:00,Desain & Analisis Algoritma,3,3,AKHMAD SYAIFUDDIN,R004,C,25,15:30:00,16:20:00,50.0,25
Kamis,07:30:00 - 08:20:00,Metode Numerik,3,3,UMI SALAMAH,R005,C,25,07:30:00,08:20:00,50.0,23
Kamis,08:25:00 - 09:15:00,Metode Numerik,3,3,UMI SALAMAH,R005,C,25,08:25:00,09:15:00,50.0,21
Kamis,13:00:00 - 13:50:00,Metode Numerik,3,3,UMI SALAMAH,R005,D,25,13:00:00,13:50:00,50.0,14
Kamis,13:55:00 - 14:45:00,Metode Numerik,3,3,UMI SALAMAH,R005,D,25,13:55:00,14:45:00,50.0,14
Kamis,15:30:00 - 16:20:00,Metode Numerik,3,3,UMI SALAMAH,R005,D,25,15:30:00,16:20:00,50.0,25
Kamis,09:20:00 - 10:10:00,Data Mining,5,3,WIRANTO,R005,D,25,09:20:00,10:10:00,50.0,20
Kamis,10:15:00 - 11:05:00,Data Mining,5,3,WIRANTO,R005,D,25,10:15:00,11:05:00,50.0,16
Kamis,11:10:00 - 12:00:00,Data Mining,5,3,WIRANTO,R005,D,25,11:10:00,12:00:00,50.0,18
Kamis,07:30:00 - 08:20:00,Sistem Operasi,3,3,HARYONO SETIADI,R006,A,35,07:30:00,08:20:00,50.0,22
Kamis,08:25:00 - 09:15:00,Sistem Operasi,3,3,HARYONO SETIADI,R006,A,35,08:25:00,09:15:00,50.0,16
Kamis,13:00:00 - 13:50:00,Pengolahan Citra Digital,5,3,HERDITO IBNU DEWANGKORO,R006,D,35,13:00:00,13:50:00,50.0,32
Kamis,13:55:00 - 14:45:00,Pengolahan Citra Digital,5,3,HERDITO IBNU DEWANGKORO,R006,D,35,13:55:00,14:45:00,50.0,29
Kamis,15:30:00 - 16:20:00,Pengolahan Citra Digital,5,3,HERDITO IBNU DEWANGKORO,R006,D,35,15:30:00,16:20:00,50.0,29
Kamis,09:20:00 - 10:10:00,Pengolahan Citra Digital,5,3,ERY PERMANA YUDHA,R006,E,35,09:20:00,10:10:00,50.0,16
Kamis,10:15:00 - 11:05:00,Pengolahan Citra Digital,5,3,ERY PERMANA YUDHA,R006,E,35,10:15:00,11:05:00,50.0,33
Kamis,11:10:00 - 12:00:00,Pengolahan Citra Digital,5,3,ERY PERMANA YUDHA,R006,E,35,11:10:00,12:00:00,50.0,35
Kamis,16:25:00 - 17:15:00,Sistem Manajemen Basis Data,3,3,DEWI WISNU WARDANI,R006,A,35,16:25:00,17:15:00,50.0,14
Kamis,16:25:00 - 17:15:00,Sistem Digital,1,3,ENDRA PRATAMA,R007,A,20,16:25:00,17:15:00,50.0,15
Kamis,07:30:00 - 08:20:00,Interaksi Manusia & Komputer,5,2,RINI ANGGRAININGSIH,R007,E,20,07:30:00,08:20:00,50.0,11
Kamis,08:25:00 - 09:15:00,Interaksi Manusia & Komputer,5,2,RINI ANGGRAININGSIH,R007,E,20,08:25:00,09:15:00,50.0,18
Kamis,09:20:00 - 10:10:00,Interaksi Manusia & Komputer,5,2,RINI ANGGRAININGSIH,R007,F,20,09:20:00,10:10:00,50.0,8
Kamis,10:15:00 - 11:05:00,Interaksi Manusia & Komputer,5,2,RINI ANGGRAININGSIH,R007,F,20,10:15:00,11:05:00,50.0,15
Kamis,13:00:00 - 13:50:00,Pengolahan Citra Digital,5,3,ERY PERMANA YUDHA,R007,F,20,13:00:00,13:50:00,50.0,11
Kamis,13:55:00 - 14:45:00,Pengolahan Citra Digital,5,3,ERY PERMANA YUDHA,R007,F,20,13:55:00,14:45:00,50.0,13
Kamis,15:30:00 - 16:20:00,Pengolahan Citra Digital,5,3,ERY PERMANA YUDHA,R007,F,20,15:30:00,16:20:00,50.0,15
Kamis,10:15:00 - 11:05:00,Pendidikan Agama Islam,1,2,ARIFUDDIN,R008,B,45,10:15:00,11:05:00,50.0,37
Kamis,11:10:00 - 12:00:00,Pendidikan Agama Islam,1,2,ARIFUDDIN,R008,B,45,11:10:00,12:00:00,50.0,20
Kamis,16:25:00 - 17:15:00,Basis Data,3,4,BAMBANG WIDOYONO,R008,C,45,16:25:00,17:15:00,50.0,33
Kamis,07:30:00 - 08:20:00,Pengolahan Sinyal Digital,5,3,HASAN DWI CAHYONO,R008,A,45,07:30:00,08:20:00,50.0,42
Kamis,08:25:00 - 09:15:00,Pengolahan Sinyal Digital,5,3,HASAN DWI CAHYONO,R008,A,45,08:25:00,09:15:00,50.0,20
Kamis,09:20:00 - 10:10:00,Pengolahan Sinyal Digital,5,3,HASAN DWI CAHYONO,R008,A,45,09:20:00,10:10:00,50.0,42
Kamis,13:00:00 - 13:50:00,E-commerce,7,3,HARYONO SETIADI,R008,A,45,13:00:00,13:50:00,50.0,35
Kamis,13:55:00 - 14:45:00,E-commerce,7,3,HARYONO SETIADI,R008,A,45,13:55:00,14:45:00,50.0,31
Kamis,15:30:00 - 16:20:00,E-commerce,7,3,HARYONO SETIADI,R008,A,45,15:30:00,16:20:00,50.0,35
Kamis,07:30:00 - 08:20:00,Matematika Diskrit dan Teori Graph,3,3,ENDRA PRATAMA,R009,B,30,07:30:00,08:20:00,50.0,13
Kamis,08:25:00 - 09:15:00,Matematika Diskrit dan Teori Graph,3,3,ENDRA PRATAMA,R009,B,30,08:25:00,09:15:00,50.0,14
Kamis,09:20:00 - 10:10:00,Matematika Diskrit dan Teori Graph,3,3,ENDRA PRATAMA,R009,B,30,09:20:00,10:10:00,50.0,27
Kamis,10:15:00 - 11:05:00,Teknologi Cloud untuk Big Data dan Data Analitik,5,3,BAMBANG WIDOYONO,R009,A,30,10:15:00,11:05:00,50.0,20
Kamis,11:10:00 - 12:00:00,Teknologi Cloud untuk Big Data dan Data Analitik,5,3,BAMBANG WIDOYONO,R009,A,30,11:10:00,12:00:00,50.0,15
Kamis,13:00:00 - 13:50:00,Teknologi Cloud untuk Big Data dan Data Analitik,5,3,BAMBANG WIDOYONO,R009,A,30,13:00:00,13:50:00,50.0,12
Kamis,13:55:00 - 14:45:00,Kecerdasan Buatan,3,3,WIHARTO,R009,B,30,13:55:00,14:45:00,50.0,15
Kamis,15:30:00 - 16:20:00,Kecerdasan Buatan,3,3,WIHARTO,R009,B,30,15:30:00,16:20:00,50.0,12
Kamis,16:25:00 - 17:15:00,Kecerdasan Buatan,3,3,WIHARTO,R009,B,30,16:25:00,17:15:00,50.0,25
Kamis,18:10:00 - 19:00:00,Jaringan Komputer,3,3,WISNU WIDIARTO,R009,B,30,18:10:00,19:00:00,50.0,27
Kamis,07:30:00 - 08:20:00,Basis Pengetahuan dan Penalaran,5,3,DEWI WISNU WARDANI,R010,B,30,07:30:00,08:20:00,50.0,19
Kamis,08:25:00 - 09:15:00,Basis Pengetahuan dan Penalaran,5,3,DEWI WISNU WARDANI,R010,B,30,08:25:00,09:15:00,50.0,18
Kamis,09:20:00 - 10:10:00,Basis Pengetahuan dan Penalaran,5,3,DEWI WISNU WARDANI,R010,B,30,09:20:00,10:10:00,50.0,14
Kamis,10:15:00 - 11:05:00,Desain dan Analisis Algoritma,3,3,HASAN DWI CAHYONO,R010,B,30,10:15:00,11:05:00,50.0,28
Kamis,11:10:00 - 12:00:00,Desain dan Analisis Algoritma,3,3,HASAN DWI CAHYONO,R010,B,30,11:10:00,12:00:00,50.0,12
Kamis,13:00:00 - 13:50:00,Desain dan Analisis Algoritma,3,3,HASAN DWI CAHYONO,R010,B,30,13:00:00,13:50:00,50.0,27
Kamis,13:55:00 - 14:45:00,Dasar Pemrograman,1,4,HASAN DWI CAHYONO,R010,A,30,13:55:00,14:45:00,50.0,23
Kamis,15:30:00 - 16:20:00,Dasar Pemrograman,1,4,HASAN DWI CAHYONO,R010,A,30,15:30:00,16:20:00,50.0,30
Kamis,16:25:00 - 17:15:00,Dasar Pemrograman,1,4,HASAN DWI CAHYONO,R010,A,30,16:25:00,17:15:00,50.0,25
Kamis,18:10:00 - 19:00:00,Dasar Pemrograman,1,4,HASAN DWI CAHYONO,R010,A,30,18:10:00,19:00:00,50.0,17
Jumat,16:25:00 - 17:15:00,Pendidikan Agama Islam,1,2,RELLY PRIHATIN,R001,A,25,16:25:00,17:15:00,50.0,15
Jumat,18:10:00 - 19:00:00,Pendidikan Agama Islam,1,2,RELLY PRIHATIN,R001,A,25,18:10:00,19:00:00,50.0,22
Jumat,13:00:00 - 13:50:00,Kalkulus I,1,3,ADE SUSANTI,R002,D,40,13:00:00,13:50:00,50.0,34
Jumat,13:55:00 - 14:45:00,Kalkulus I,1,3,ADE SUSANTI,R002,D,40,13:55:00,14:45:00,50.0,37
Jumat,15:30:00 - 16:20:00,Kalkulus I,1,3,ADE SUSANTI,R002,D,40,15:30:00,16:20:00,50.0,23
Jumat,09:20:00 - 10:10:00,Sistem Operasi,3,3,HARYONO SETIADI,R002,A,40,09:20:00,10:10:00,50.0,17
Jumat,10:15:00 - 11:10:00,Sistem Operasi,3,3,HARYONO SETIADI,R002,B,40,10:15:00,11:10:00,55.0,36
Jumat,07:30:00 - 08:20:00,Pendidikan Pancasila,3,2,GAYATRI DYAH SUPROBOWATI,R002,C,40,07:30:00,08:20:00,50.0,16
Jumat,08:25:00 - 09:15:00,Pendidikan Pancasila,3,2,GAYATRI DYAH SUPROBOWATI,R002,C,40,08:25:00,09:15:00,50.0,30
Jumat,07:30:00 - 08:20:00,Fisika,1,3,BUDI PURNAMA,R003,A,30,07:30:00,08:20:00,50.0,12
Jumat,08:25:00 - 09:15:00,Fisika,1,3,BUDI PURNAMA,R003,A,30,08:25:00,09:15:00,50.0,16
Jumat,09:20:00 - 10:10:00,Fisika,1,3,BUDI PURNAMA,R003,A,30,09:20:00,10:10:00,50.0,27
Jumat,15:30:00 - 16:20:00,Pendidikan Pancasila,3,2,GAYATRI DYAH SUPROBOWATI,R003,D,30,15:30:00,16:20:00,50.0,30
Jumat,16:25:00 - 17:15:00,Pendidikan Pancasila,3,2,GAYATRI DYAH SUPROBOWATI,R003,D,30,16:25:00,17:15:00,50.0,15
Jumat,13:00:00 - 13:50:00,Interaksi Manusia & Komputer ( Team Teaching ),5,2,ERY PERMANA YUDHA + RINI ANGGRAININGSIH,R003,C,30,13:00:00,13:50:00,50.0,14
Jumat,13:55:00 - 14:45:00,Interaksi Manusia & Komputer ( Team Teaching ),5,2,ERY PERMANA YUDHA + RINI ANGGRAININGSIH,R003,C,30,13:55:00,14:45:00,50.0,28
Jumat,13:00:00 - 13:50:00,Desain & Analisis Algoritma,3,3,ARIF ROHMADI,R004,A,25,13:00:00,13:50:00,50.0,25
Jumat,13:55:00 - 14:45:00,Desain & Analisis Algoritma,3,3,ARIF ROHMADI,R004,A,25,13:55:00,14:45:00,50.0,10
Jumat,15:30:00 - 16:20:00,Desain & Analisis Algoritma,3,3,ARIF ROHMADI,R004,A,25,15:30:00,16:20:00,50.0,21
Jumat,07:30:00 - 08:20:00,Sistem Terdistribusi,5,3,ERY PERMANA YUDHA,R004,D,25,07:30:00,08:20:00,50.0,21
Jumat,08:25:00 - 09:15:00,Sistem Terdistribusi,5,3,ERY PERMANA YUDHA,R004,D,25,08:25:00,09:15:00,50.0,23
Jumat,09:20:00 - 10:10:00,Sistem Terdistribusi,5,3,ERY PERMANA YUDHA,R004,D,25,09:20:00,10:10:00,50.0,22
Jumat,13:00:00 - 13:50:00,Statistika & Probabilitas,1,3,RISTU SAPTONO,R005,B,25,13:00:00,13:50:00,50.0,23
Jumat,13:55:00 - 14:45:00,Statistika & Probabilitas,1,3,RISTU SAPTONO,R005,B,25,13:55:00,14:45:00,50.0,14
Jumat,15:30:00 - 16:20:00,Statistika & Probabilitas,1,3,RISTU SAPTONO,R005,B,25,15:30:00,16:20:00,50.0,15
Jumat,16:25:00 - 17:15:00,Konsep Pemrograman,1,4,AFRIZAL DOEWES,R005,D,25,16:25:00,17:15:00,50.0,12
Jumat,07:30:00 - 08:20:00,Wireless & Mobile Computing,5,3,ARIF ROHMADI,R005,A,25,07:30:00,08:20:00,50.0,21
Jumat,08:25:00 - 09:15:00,Wireless & Mobile Computing,5,3,ARIF ROHMADI,R005,A,25,08:25:00,09:15:00,50.0,18
Jumat,09:20:00 - 10:10:00,Wireless & Mobile Computing,5,3,ARIF ROHMADI,R005,A,25,09:20:00,10:10:00,50.0,14
Jumat,07:30:00 - 08:20:00,Rekayasa dan Organisasi Sistem Big Data,5,3,MUHAMMAD FAHMY NADHIF,R006,A,35,07:30:00,08:20:00,50.0,30
Jumat,08:25:00 - 09:15:00,Rekayasa dan Organisasi Sistem Big Data,5,3,MUHAMMAD FAHMY NADHIF,R006,A,35,08:25:00,09:15:00,50.0,27
Jumat,09:20:00 - 10:10:00,Rekayasa dan Organisasi Sistem Big Data,5,3,MUHAMMAD FAHMY NADHIF,R006,A,35,09:20:00,10:10:00,50.0,34
Jumat,10:15:00 - 11:10:00,Desain Aplikasi Big Data,5,3,FAJAR MUSLIM,R006,A,35,10:15:00,11:10:00,55.0,16
Jumat,13:00:00 - 13:50:00,Desain Aplikasi Big Data,5,3,FAJAR MUSLIM,R006,A,35,13:00:00,13:50:00,50.0,14
Jumat,13:55:00 - 14:45:00,Desain Aplikasi Big Data,5,3,FAJAR MUSLIM,R006,A,35,13:55:00,14:45:00,50.0,33
Jumat,15:30:00 - 16:20:00,Sistem Manajemen Basis Data,3,3,DEWI WISNU WARDANI,R006,B,35,15:30:00,16:20:00,50.0,34
Jumat,16:25:00 - 17:15:00,Sistem Manajemen Basis Data,3,3,DEWI WISNU WARDANI,R006,B,35,16:25:00,17:15:00,50.0,14
Jumat,07:30:00 - 08:20:00,Kalkulus I,1,3,DWI PURNAMA,R007,B,20,07:30:00,08:20:00,50.0,10
Jumat,08:25:00 - 09:15:00,Kalkulus I,1,3,DWI PURNAMA,R007,B,20,08:25:00,09:15:00,50.0,9
Jumat,09:20:00 - 10:10:00,Kalkulus I,1,3,DWI PURNAMA,R007,B,20,09:20:00,10:10:00,50.0,16
Jumat,10:15:00 - 11:10:00,Rekayasa dan Organisasi Sistem Big Data,5,3,MUHAMMAD FAHMY NADHIF,R007,B,20,10:15:00,11:10:00,55.0,17
Jumat,13:00:00 - 13:50:00,Rekayasa dan Organisasi Sistem Big Data,5,3,MUHAMMAD FAHMY NADHIF,R007,B,20,13:00:00,13:50:00,50.0,13
Jumat,13:55:00 - 14:45:00,Rekayasa dan Organisasi Sistem Big Data,5,3,MUHAMMAD FAHMY NADHIF,R007,B,20,13:55:00,14:45:00,50.0,17
Jumat,15:30:00 - 16:20:00,Desain Aplikasi Big Data,5,3,FAJAR MUSLIM,R007,B,20,15:30:00,16:20:00,50.0,10
Jumat,16:25:00 - 17:15:00,Desain Aplikasi Big Data,5,3,FAJAR MUSLIM,R007,B,20,16:25:00,17:15:00,50.0,15
Jumat,18:10:00 - 19:00:00,Desain Aplikasi Big Data,5,3,FAJAR MUSLIM,R007,B,20,18:10:00,19:00:00,50.0,15
Jumat,07:30:00 - 08:20:00,Metode Numerik,3,3,UMI SALAMAH,R008,B,45,07:30:00,08:20:00,50.0,35
Jumat,08:25:00 - 09:15:00,Desain & Analisis Algoritma,3,3,AKHMAD SYAIFUDDIN,R008,D,45,08:25:00,09:15:00,50.0,32
Jumat,09:20:00 - 10:10:00,Desain & Analisis Algoritma,3,3,AKHMAD SYAIFUDDIN,R008,D,45,09:20:00,10:10:00,50.0,39
Jumat,10:15:00 - 11:10:00,Desain & Analisis Algoritma,3,3,AKHMAD SYAIFUDDIN,R008,D,45,10:15:00,11:10:00,55.0,40
Jumat,13:00:00 - 13:50:00,Kriptografi,5,3,BAMBANG HARJITO,R008,A,45,13:00:00,13:50:00,50.0,19
Jumat,13:55:00 - 14:45:00,Kriptografi,5,3,BAMBANG HARJITO,R008,A,45,13:55:00,14:45:00,50.0,44
Jumat,15:30:00 - 16:20:00,Kriptografi,5,3,BAMBANG HARJITO,R008,A,45,15:30:00,16:20:00,50.0,27
Jumat,07:30:00 - 08:20:00,Pendidikan Agama Islam,1,2,CHOIROEL ANAM,R009,B,30,07:30:00,08:20:00,50.0,13
Jumat,08:25:00 - 09:15:00,Pendidikan Agama Islam,1,2,CHOIROEL ANAM,R009,B,30,08:25:00,09:15:00,50.0,28
Jumat,09:20:00 - 10:10:00,Bahasa Indonesia,1,2,HENRY YUSTANTO,R009,A,30,09:20:00,10:10:00,50.0,19
Jumat,10:15:00 - 11:10:00,Bahasa Indonesia,1,2,HENRY YUSTANTO,R009,A,30,10:15:00,11:10:00,55.0,12
Jumat,13:00:00 - 13:50:00,Bahasa Indonesia,1,2,HENRY YUSTANTO,R009,B,30,13:00:00,13:50:00,50.0,20
Jumat,13:55:00 - 14:45:00,Bahasa Indonesia,1,2,HENRY YUSTANTO,R009,B,30,13:55:00,14:45:00,50.0,22
Jumat,15:30:00 - 16:20:00,Organisasi dan Arsitektur Komputer,1,3,HERDITO IBNU DEWANGKORO,R009,B,30,15:30:00,16:20:00,50.0,27
Jumat,16:25:00 - 17:15:00,Organisasi dan Arsitektur Komputer,1,3,HERDITO IBNU DEWANGKORO,R009,B,30,16:25:00,17:15:00,50.0,18
Jumat,07:30:00 - 08:20:00,Desain dan Analisis Algoritma,3,3,HASAN DWI CAHYONO,R010,A,30,07:30:00,08:20:00,50.0,21
Jumat,08:25:00 - 09:15:00,Desain dan Analisis Algoritma,3,3,HASAN DWI CAHYONO,R010,A,30,08:25:00,09:15:00,50.0,14
Jumat,09:20:00 - 10:10:00,Desain dan Analisis Algoritma,3,3,HASAN DWI CAHYONO,R010,A,30,09:20:00,10:10:00,50.0,29
Jumat,10:15:00 - 11:10:00,Jaringan Komputer,3,3,WISNU WIDIARTO,R010,A,30,10:15:00,11:10:00,55.0,24
Jumat,13:00:00 - 13:50:00,Jaringan Komputer,3,3,WISNU WIDIARTO,R010,A,30,13:00:00,13:50:00,50.0,18
Jumat,13:55:00 - 14:45:00,Jaringan Komputer,3,3,WISNU WIDIARTO,R010,A,30,13:55:00,14:45:00,50.0,15
Jumat,15:30:00 - 16:20:00,Kecerdasan Buatan,3,3,WIHARTO,R010,A,30,15:30:00,16:20:00,50.0,24
Jumat,16:25:00 - 17:15:00,Kecerdasan Buatan,3,3,WIHARTO,R010,A,30,16:25:00,17:15:00,50.0,12
Jumat,18:10:00 - 19:00:00,Kecerdasan Buatan,3,3,WIHARTO,R010,A,30,18:10:00,19:00:00,50.0,19
